snp,rsid,hg19_coordinates,hg38_coordinates,a1,a2,trait,efo,study,pmid,ancestry,year,beta,se,p,direction,n,n_cases,n_controls,n_studies,unit,dataset
rs3782886,rs3782886,chr12:112110489,chr12:111672685,T,C,Coronary artery disease,EFO_0000378;EFO_0001645,van der Harst P,29212778,Mixed,2018,0.1141,0.09942,0.25,+,296525,34541,261984,1,log OR,van-der-Harst-P_CAD-UKBB_Mixed_2018
rs11066015,rs11066015,chr12:112168009,chr12:111730205,A,G,Coronary artery disease,EFO_0000378;EFO_0001645,van der Harst P,29212778,Mixed,2018,-0.1112,0.09943,0.26,-,296525,34541,261984,1,log OR,van-der-Harst-P_CAD-UKBB_Mixed_2018
rs671,rs671,chr12:112241766,chr12:111803962,A,G,Coronary artery disease,EFO_0000378;EFO_0001645,van der Harst P,29212778,Mixed,2018,-0.1059,0.09898,0.28,-,296525,34541,261984,1,log OR,van-der-Harst-P_CAD-UKBB_Mixed_2018
rs11758482,rs11758482,chr6:2438231,chr6:2437997,A,G,Coronary artery disease,EFO_0000378;EFO_0001645,van der Harst P,29212778,Mixed,2018,0.02209,0.008301,0.0078,+,296525,34541,261984,1,log OR,van-der-Harst-P_CAD-UKBB_Mixed_2018
rs12003047,rs12003047,chr9:25527621,chr9:25527623,C,T,Coronary artery disease,EFO_0000378;EFO_0001645,van der Harst P,29212778,Mixed,2018,-0.003789,0.008785,0.67,-,296525,34541,261984,1,log OR,van-der-Harst-P_CAD-UKBB_Mixed_2018
rs1201914,rs1201914,chr20:59274641,chr20:60699583,A,G,Coronary artery disease,EFO_0000378;EFO_0001645,van der Harst P,29212778,Mixed,2018,0.003399,0.009538,0.72,+,296525,34541,261984,1,log OR,van-der-Harst-P_CAD-UKBB_Mixed_2018
rs9502823,rs9502823,chr6:1105674,chr6:1105439,A,G,Coronary artery disease,EFO_0000378;EFO_0001645,van der Harst P,29212778,Mixed,2018,0.001679,0.02718,0.95,+,296525,34541,261984,1,log OR,van-der-Harst-P_CAD-UKBB_Mixed_2018
rs17396472,rs17396472,chr3:68387068,chr3:68337918,A,T,Coronary artery disease,EFO_0000378;EFO_0001645,van der Harst P,29212778,Mixed,2018,-0.000419,0.01723,0.98,-,296525,34541,261984,1,log OR,van-der-Harst-P_CAD-UKBB_Mixed_2018
rs1860343,rs1860343,chr12:4713709,chr12:4604543,T,C,Coronary artery disease,EFO_0000378;EFO_0001645,van der Harst P,29212778,Mixed,2018,0.001589,0.006999,0.82,+,296525,34541,261984,1,log OR,van-der-Harst-P_CAD-UKBB_Mixed_2018
rs1562806,rs1562806,chr15:37251508,chr15:36959307,C,T,Coronary artery disease,EFO_0000378;EFO_0001645,van der Harst P,29212778,Mixed,2018,-0.0084,0.01576,0.59,-,296525,34541,261984,1,log OR,van-der-Harst-P_CAD-UKBB_Mixed_2018
rs16834168,rs16834168,chr1:152488146,chr1:152515670,A,G,Coronary artery disease,EFO_0000378;EFO_0001645,van der Harst P,29212778,Mixed,2018,0.02233,0.02613,0.39,+,296525,34541,261984,1,log OR,van-der-Harst-P_CAD-UKBB_Mixed_2018
rs11877506,rs11877506,chr18:50922848,chr18:53396478,A,G,Coronary artery disease,EFO_0000378;EFO_0001645,van der Harst P,29212778,Mixed,2018,0.02489,0.02091,0.23,+,296525,34541,261984,1,log OR,van-der-Harst-P_CAD-UKBB_Mixed_2018
rs7476409,rs7476409,chr10:24769036,chr10:24480107,C,T,Coronary artery disease,EFO_0000378;EFO_0001645,van der Harst P,29212778,Mixed,2018,-0.02356,0.0252,0.35,-,296525,34541,261984,1,log OR,van-der-Harst-P_CAD-UKBB_Mixed_2018
rs7206790,rs7206790,chr16:53797908,chr16:53763996,C,G,Coronary artery disease,EFO_0000378;EFO_0001645,van der Harst P,29212778,Mixed,2018,-0.007044,0.007043,0.32,-,296525,34541,261984,1,log OR,van-der-Harst-P_CAD-UKBB_Mixed_2018
