CHD Outcome for Europeans,,,,,,,,,,,,,,,,,,,,,
snp,rsid,hg19_coordinates,hg38_coordinates,a1,a2,trait,efo,study,pmid,ancestry,year,beta,se,p,direction,n,n_cases,n_controls,n_studies,unit,dataset
rs16834168,rs16834168,chr1:152488146,chr1:152515670,A,G,Coronary artery disease,EFO_0000378;EFO_0001645,CARDIoGRAM,21378990,European,2011,0.006433,0.05965,0.9141,+,84264,21976,62288,14,log OR,CARDIoGRAM_CHD_EUR_2011
rs7476409,rs7476409,chr10:24769036,chr10:24480107,C,T,Coronary artery disease,EFO_0000378;EFO_0001645,CARDIoGRAM,21378990,European,2011,-0.03242,0.04437,0.465,-,84264,21976,62288,14,log OR,CARDIoGRAM_CHD_EUR_2011
rs1860343,rs1860343,chr12:4713709,chr12:4604543,T,C,Coronary artery disease,EFO_0000378;EFO_0001645,CARDIoGRAM,21378990,European,2011,0.02668,0.01407,0.05788,+,84264,21976,62288,14,log OR,CARDIoGRAM_CHD_EUR_2011
rs7206790,rs7206790,chr16:53797908,chr16:53763996,C,G,Coronary artery disease,EFO_0000378;EFO_0001645,CARDIoGRAM,21378990,European,2011,-0.04102,0.02237,0.06672,-,84264,21976,62288,14,log OR,CARDIoGRAM_CHD_EUR_2011
rs11877506,rs11877506,chr18:50922848,chr18:53396478,A,G,Coronary artery disease,EFO_0000378;EFO_0001645,CARDIoGRAM,21378990,European,2011,-0.000714,0.03938,0.9855,-,84264,21976,62288,14,log OR,CARDIoGRAM_CHD_EUR_2011
rs2456163,rs2456163,chr19:1476432,chr19:1476433,T,C,Coronary artery disease,EFO_0000378;EFO_0001645,CARDIoGRAM,21378990,European,2011,0.01384,0.07926,0.8614,+,84264,21976,62288,14,log OR,CARDIoGRAM_CHD_EUR_2011
rs1201914,rs1201914,chr20:59274641,chr20:60699583,A,G,Coronary artery disease,EFO_0000378;EFO_0001645,CARDIoGRAM,21378990,European,2011,0.03387,0.01959,0.08387,+,84264,21976,62288,14,log OR,CARDIoGRAM_CHD_EUR_2011
rs17396472,rs17396472,chr3:68387068,chr3:68337918,A,T,Coronary artery disease,EFO_0000378;EFO_0001645,CARDIoGRAM,21378990,European,2011,-0.08653,0.1146,0.4504,-,84264,21976,62288,14,log OR,CARDIoGRAM_CHD_EUR_2011
rs9502823,rs9502823,chr6:1105674,chr6:1105439,A,G,Coronary artery disease,EFO_0000378;EFO_0001645,CARDIoGRAM,21378990,European,2011,0.01027,0.08143,0.8996,+,84264,21976,62288,14,log OR,CARDIoGRAM_CHD_EUR_2011
rs11758482,rs11758482,chr6:2438231,chr6:2437997,A,G,Coronary artery disease,EFO_0000378;EFO_0001645,CARDIoGRAM,21378990,European,2011,0.01935,0.01718,0.2599,+,84264,21976,62288,14,log OR,CARDIoGRAM_CHD_EUR_2011
rs12003047,rs12003047,chr9:25527621,chr9:25527623,C,T,Coronary artery disease,EFO_0000378;EFO_0001645,CARDIoGRAM,21378990,European,2011,-0.01537,0.01865,0.4099,-,84264,21976,62288,14,log OR,CARDIoGRAM_CHD_EUR_2011
