snp,rsid,hg19_coordinates,hg38_coordinates,a1,a2,trait,efo,study,pmid,ancestry,year,beta,se,p,direction,n,n_cases,n_controls,n_studies,unit,dataset
rs3782886,rs3782886,chr12:112110489,chr12:111672685,T,C,Type II diabetes,EFO_0001360,DIAGRAM,24509480,Mixed,2014,-0.02956,0.03473,0.42,-,110452,26488,83964,4,log OR,DIAGRAM_T2D_Mixed_2014
rs11066015,rs11066015,chr12:112168009,chr12:111730205,A,G,Type II diabetes,EFO_0001360,DIAGRAM,24509480,Mixed,2014,-0.08618,0.07474,0.25,-,110452,26488,83964,4,log OR,DIAGRAM_T2D_Mixed_2014
rs671,rs671,chr12:112241766,chr12:111803962,A,G,Type II diabetes,EFO_0001360,DIAGRAM,24509480,Mixed,2014,0.0198,0.0401,0.64,+,110452,26488,83964,4,log OR,DIAGRAM_T2D_Mixed_2014
rs11066132,rs11066132,chr12:112468206,chr12:112030402,C,T,Type II diabetes,EFO_0001360,DIAGRAM,24509480,Mixed,2014,-0.03922,0.07836,0.6,-,110452,26488,83964,4,log OR,DIAGRAM_T2D_Mixed_2014
rs11758482,rs11758482,chr6:2438231,chr6:2437997,A,G,Type II diabetes,EFO_0001360,DIAGRAM,24509480,Mixed,2014,0.0198,0.01501,0.27,+,110452,26488,83964,4,log OR,DIAGRAM_T2D_Mixed_2014
rs12003047,rs12003047,chr9:25527621,chr9:25527623,C,T,Type II diabetes,EFO_0001360,DIAGRAM,24509480,Mixed,2014,0.00995,0.02022,0.55,+,110452,26488,83964,4,log OR,DIAGRAM_T2D_Mixed_2014
rs1201914,rs1201914,chr20:59274641,chr20:60699583,A,G,Type II diabetes,EFO_0001360,DIAGRAM,24509480,Mixed,2014,0.0198,0.01501,0.17,+,110452,26488,83964,4,log OR,DIAGRAM_T2D_Mixed_2014
rs9502823,rs9502823,chr6:1105674,chr6:1105439,A,G,Type II diabetes,EFO_0001360,DIAGRAM,24509480,Mixed,2014,0.1044,0.08661,0.2,+,110452,26488,83964,4,log OR,DIAGRAM_T2D_Mixed_2014
rs17396472,rs17396472,chr3:68387068,chr3:68337918,A,T,Type II diabetes,EFO_0001360,DIAGRAM,24509480,Mixed,2014,-0.07696,0.1083,0.48,-,110452,26488,83964,4,log OR,DIAGRAM_T2D_Mixed_2014
rs1860343,rs1860343,chr12:4713709,chr12:4604543,T,C,Type II diabetes,EFO_0001360,DIAGRAM,24509480,Mixed,2014,-0.00995,0.01257,0.41,-,110452,26488,83964,4,log OR,DIAGRAM_T2D_Mixed_2014
rs1562806,rs1562806,chr15:37251508,chr15:36959307,C,T,Type II diabetes,EFO_0001360,DIAGRAM,24509480,Mixed,2014,0.0198,0.1187,0.85,+,110452,26488,83964,4,log OR,DIAGRAM_T2D_Mixed_2014
rs16834168,rs16834168,chr1:152488146,chr1:152515670,A,G,Type II diabetes,EFO_0001360,DIAGRAM,24509480,Mixed,2014,-0.04879,0.03633,0.16,-,110452,26488,83964,4,log OR,DIAGRAM_T2D_Mixed_2014
rs11877506,rs11877506,chr18:50922848,chr18:53396478,A,G,Type II diabetes,EFO_0001360,DIAGRAM,24509480,Mixed,2014,-0.00995,0.04789,0.83,-,110452,26488,83964,4,log OR,DIAGRAM_T2D_Mixed_2014
rs2456163,rs2456163,chr19:1476432,chr19:1476433,T,C,Type II diabetes,EFO_0001360,DIAGRAM,24509480,Mixed,2014,-0.02956,0.06192,0.63,-,110452,26488,83964,4,log OR,DIAGRAM_T2D_Mixed_2014
rs7476409,rs7476409,chr10:24769036,chr10:24480107,C,T,Type II diabetes,EFO_0001360,DIAGRAM,24509480,Mixed,2014,0.1133,0.06097,0.054,+,110452,26488,83964,4,log OR,DIAGRAM_T2D_Mixed_2014
rs7206790,rs7206790,chr16:53797908,chr16:53763996,C,G,Type II diabetes,EFO_0001360,DIAGRAM,24509480,Mixed,2014,-0.1133,0.01823,4.60E-10,-,110452,26488,83964,4,log OR,DIAGRAM_T2D_Mixed_2014
