snp,rsid,hg19_coordinates,hg38_coordinates,a1,a2,trait,efo,study,pmid,ancestry,year,beta,se,p,direction,n,n_cases,n_controls,n_studies,unit,dataset
rs144504271,rs144504271,chr12:112627350,chr12:112189546,A,G,Type II diabetes adjusted for BMI,EFO_0001360,DIAGRAM,28566273,European,2017,-0.1,0.31,0.73,-,159208,26676,132532,18,log OR,DIAGRAM_T2D-adjusted-BMI_EUR_2017
rs11758482,rs11758482,chr6:2438231,chr6:2437997,A,G,Type II diabetes adjusted for BMI,EFO_0001360,DIAGRAM,28566273,European,2017,0.028,0.018,0.12,+,159208,26676,132532,18,log OR,DIAGRAM_T2D-adjusted-BMI_EUR_2017
rs12003047,rs12003047,chr9:25527621,chr9:25527623,C,T,Type II diabetes adjusted for BMI,EFO_0001360,DIAGRAM,28566273,European,2017,-0.018,0.019,0.35,-,159208,26676,132532,18,log OR,DIAGRAM_T2D-adjusted-BMI_EUR_2017
rs1201914,rs1201914,chr20:59274641,chr20:60699583,A,G,Type II diabetes adjusted for BMI,EFO_0001360,DIAGRAM,28566273,European,2017,0.017,0.02,0.39,+,159208,26676,132532,18,log OR,DIAGRAM_T2D-adjusted-BMI_EUR_2017
rs9502823,rs9502823,chr6:1105674,chr6:1105439,A,G,Type II diabetes adjusted for BMI,EFO_0001360,DIAGRAM,28566273,European,2017,-0.064,0.066,0.33,-,159208,26676,132532,18,log OR,DIAGRAM_T2D-adjusted-BMI_EUR_2017
rs17396472,rs17396472,chr3:68387068,chr3:68337918,A,T,Type II diabetes adjusted for BMI,EFO_0001360,DIAGRAM,28566273,European,2017,6.00E-04,0.04,0.99,+,159208,26676,132532,18,log OR,DIAGRAM_T2D-adjusted-BMI_EUR_2017
rs1860343,rs1860343,chr12:4713709,chr12:4604543,T,C,Type II diabetes adjusted for BMI,EFO_0001360,DIAGRAM,28566273,European,2017,0.0094,0.015,0.52,+,159208,26676,132532,18,log OR,DIAGRAM_T2D-adjusted-BMI_EUR_2017
rs1562806,rs1562806,chr15:37251508,chr15:36959307,C,T,Type II diabetes adjusted for BMI,EFO_0001360,DIAGRAM,28566273,European,2017,0.057,0.036,0.12,+,159208,26676,132532,18,log OR,DIAGRAM_T2D-adjusted-BMI_EUR_2017
rs16834168,rs16834168,chr1:152488146,chr1:152515670,A,G,Type II diabetes adjusted for BMI,EFO_0001360,DIAGRAM,28566273,European,2017,0.066,0.057,0.25,+,159208,26676,132532,18,log OR,DIAGRAM_T2D-adjusted-BMI_EUR_2017
rs11877506,rs11877506,chr18:50922848,chr18:53396478,A,G,Type II diabetes adjusted for BMI,EFO_0001360,DIAGRAM,28566273,European,2017,0.013,0.041,0.74,+,159208,26676,132532,18,log OR,DIAGRAM_T2D-adjusted-BMI_EUR_2017
rs2456163,rs2456163,chr19:1476432,chr19:1476433,T,C,Type II diabetes adjusted for BMI,EFO_0001360,DIAGRAM,28566273,European,2017,-0.037,0.055,0.51,-,159208,26676,132532,18,log OR,DIAGRAM_T2D-adjusted-BMI_EUR_2017
rs7476409,rs7476409,chr10:24769036,chr10:24480107,C,T,Type II diabetes adjusted for BMI,EFO_0001360,DIAGRAM,28566273,European,2017,0.069,0.054,0.21,+,159208,26676,132532,18,log OR,DIAGRAM_T2D-adjusted-BMI_EUR_2017
rs7206790,rs7206790,chr16:53797908,chr16:53763996,C,G,Type II diabetes adjusted for BMI,EFO_0001360,DIAGRAM,28566273,European,2017,-0.032,0.015,0.033,-,159208,26676,132532,18,log OR,DIAGRAM_T2D-adjusted-BMI_EUR_2017
